{
  "type": "logistic_regression",
  "feature_names": [
    "mat_pawn",
    "mat_knight",
    "mat_bishop",
    "mat_rook",
    "mat_queen",
    "pst_pawn",
    "pst_knight",
    "pst_bishop",
    "pst_rook",
    "pst_queen",
    "pst_king",
    "side_to_move",
    "mob_pawn",
    "mob_knight",
    "mob_bishop",
    "mob_rook",
    "mob_queen",
    "pawn_doubled",
    "pawn_isolated",
    "pawn_passed",
    "king_shield",
    "king_attackers",
    "open_file_rook"
  ],
  "weights": [
    0.3721526689822082,
    0.5636930759445686,
    0.5096296615025564,
    0.4861872285113611,
    0.594259265008789,
    0.09095845903463504,
    0.1503969288121869,
    0.03753977100709821,
    -0.0013318666809466991,
    -0.026203303688459866,
    -0.010783093080935016,
    0.1284088981563081,
    0.03197756425910309,
    0.028254602958444154,
    0.20138748155551098,
    0.10120060939101258,
    0.16350436241513477,
    -0.061577779218977065,
    -0.0633946938480416,
    0.06340211958609034,
    0.12738407491974002,
    0.12338682663530573,
    0.11678394361721732
  ],
  "intercept": 0.09700315707826902,
  "scaler": {
    "mean": [
      -0.00579738245273873,
      0.027028599127484246,
      -0.030082404265632575,
      0.01133301017935046,
      0.003897237033446437,
      0.07661027666894603,
      0.018253999158985627,
      0.017449345911554615,
      0.0020000000308496653,
      0.0015084828150702864,
      0.017413476090291376,
      -0.020785264178381,
      -0.01016965584100824,
      0.3661173048957828,
      0.5263111972855066,
      0.4266117304895783,
      0.39937954435288414,
      -0.024110518662142512,
      -0.012137663596703829,
      -0.00433349491032477,
      -0.05207949587978672,
      0.12148327678138633,
      0.02971400872515754
    ],
    "std": [
      1.1792458510301618,
      0.6845758919744385,
      0.6683021534417868,
      0.4587888089500683,
      0.29470086891603225,
      0.31862489880142364,
      0.3307606600467312,
      0.12198424045489757,
      0.03503649568645407,
      0.058663437211036576,
      0.20259781854845937,
      0.999783963060639,
      2.2148057123585874,
      5.380650220983626,
      5.930528567323737,
      5.2474677786743325,
      6.261133687965461,
      1.0256196459555,
      1.1086003352413372,
      0.7977857318536814,
      1.1961167939873905,
      1.1821039643104228,
      0.6704476229769715
    ]
  }
}