{
  "type": "logistic_regression",
  "feature_names": [
    "mat_pawn",
    "mat_knight",
    "mat_bishop",
    "mat_rook",
    "mat_queen",
    "pst_pawn",
    "pst_knight",
    "pst_bishop",
    "pst_rook",
    "pst_queen",
    "pst_king",
    "side_to_move"
  ],
  "weights": [
    0.37366352850896994,
    0.8809600494810009,
    0.9910202042794769,
    1.3043675857459938,
    2.4796580227590495,
    0.4067868855313452,
    0.5039169699216218,
    1.1072264556048064,
    1.5540210585514114,
    0.8923092860096762,
    0.4835459968729603,
    0.11459924358457008
  ],
  "intercept": 0.010718126718090883
}